<inspections profile_name="DioriteInspections" version="1.0">
  <option name="myName" value="DioriteInspections" />
  <option name="myLocal" value="true" />
  <inspection_tool class="AbstractMethodWithMissingImplementations" enabled="true" level="WARNING" enabled_by_default="true" />
  <inspection_tool class="AndroidDomInspection" enabled="false" level="ERROR" enabled_by_default="false" />
  <inspection_tool class="AndroidElementNotAllowed" enabled="false" level="WARNING" enabled_by_default="false" />
  <inspection_tool class="AndroidLintAaptCrash" enabled="false" level="ERROR" enabled_by_default="false" />
  <inspection_tool class="AndroidLintAccidentalOctal" enabled="false" level="ERROR" enabled_by_default="false" />
  <inspection_tool class="AndroidLintAdapterViewChildren" enabled="false" level="WARNING" enabled_by_default="false" />
  <inspection_tool class="AndroidLintAddJavascriptInterface" enabled="false" level="WARNING" enabled_by_default="false" />
  <inspection_tool class="AndroidLintAllowBackup" enabled="false" level="WARNING" enabled_by_default="false" />
  <inspection_tool class="AndroidLintAlwaysShowAction" enabled="false" level="WARNING" enabled_by_default="false" />
  <inspection_tool class="AndroidLintAppCompatMethod" enabled="false" level="WARNING" enabled_by_default="false" />
  <inspection_tool class="AndroidLintAppCompatResource" enabled="false" level="ERROR" enabled_by_default="false" />
  <inspection_tool class="AndroidLintAssert" enabled="false" level="WARNING" enabled_by_default="false" />
  <inspection_tool class="AndroidLintButtonCase" enabled="false" level="WARNING" enabled_by_default="false" />
  <inspection_tool class="AndroidLintButtonOrder" enabled="false" level="WARNING" enabled_by_default="false" />
  <inspection_tool class="AndroidLintButtonStyle" enabled="false" level="WARNING" enabled_by_default="false" />
  <inspection_tool class="AndroidLintByteOrderMark" enabled="false" level="ERROR" enabled_by_default="false" />
  <inspection_tool class="AndroidLintCommitPrefEdits" enabled="false" level="WARNING" enabled_by_default="false" />
  <inspection_tool class="AndroidLintCommitTransaction" enabled="false" level="WARNING" enabled_by_default="false" />
  <inspection_tool class="AndroidLintContentDescription" enabled="false" level="WARNING" enabled_by_default="false" />
  <inspection_tool class="AndroidLintCustomViewStyleable" enabled="false" level="WARNING" enabled_by_default="false" />
  <inspection_tool class="AndroidLintCutPasteId" enabled="false" level="WARNING" enabled_by_default="false" />
  <inspection_tool class="AndroidLintDeprecated" enabled="false" level="WARNING" enabled_by_default="false" />
  <inspection_tool class="AndroidLintDeviceAdmin" enabled="false" level="WARNING" enabled_by_default="false" />
  <inspection_tool class="AndroidLintDisableBaselineAlignment" enabled="false" level="WARNING" enabled_by_default="false" />
  <inspection_tool class="AndroidLintDrawAllocation" enabled="false" level="WARNING" enabled_by_default="false" />
  <inspection_tool class="AndroidLintDuplicateActivity" enabled="false" level="ERROR" enabled_by_default="false" />
  <inspection_tool class="AndroidLintDuplicateDefinition" enabled="false" level="ERROR" enabled_by_default="false" />
  <inspection_tool class="AndroidLintDuplicateIds" enabled="false" level="ERROR" enabled_by_default="false" />
  <inspection_tool class="AndroidLintDuplicateIncludedIds" enabled="false" level="WARNING" enabled_by_default="false" />
  <inspection_tool class="AndroidLintDuplicateUsesFeature" enabled="false" level="WARNING" enabled_by_default="false" />
  <inspection_tool class="AndroidLintEnforceUTF8" enabled="false" level="WARNING" enabled_by_default="false" />
  <inspection_tool class="AndroidLintExportedContentProvider" enabled="false" level="WARNING" enabled_by_default="false" />
  <inspection_tool class="AndroidLintExportedPreferenceActivity" enabled="false" level="WARNING" enabled_by_default="false" />
  <inspection_tool class="AndroidLintExportedReceiver" enabled="false" level="WARNING" enabled_by_default="false" />
  <inspection_tool class="AndroidLintExportedService" enabled="false" level="WARNING" enabled_by_default="false" />
  <inspection_tool class="AndroidLintExtraText" enabled="false" level="WARNING" enabled_by_default="false" />
  <inspection_tool class="AndroidLintExtraTranslation" enabled="false" level="ERROR" enabled_by_default="false" />
  <inspection_tool class="AndroidLintGetInstance" enabled="false" level="WARNING" enabled_by_default="false" />
  <inspection_tool class="AndroidLintGifUsage" enabled="false" level="WARNING" enabled_by_default="false" />
  <inspection_tool class="AndroidLintGradleCompatible" enabled="false" level="ERROR" enabled_by_default="false" />
  <inspection_tool class="AndroidLintGradleCompatiblePlugin" enabled="false" level="ERROR" enabled_by_default="false" />
  <inspection_tool class="AndroidLintGradleDependency" enabled="false" level="WARNING" enabled_by_default="false" />
  <inspection_tool class="AndroidLintGradleDeprecated" enabled="false" level="WARNING" enabled_by_default="false" />
  <inspection_tool class="AndroidLintGradleDynamicVersion" enabled="false" level="WARNING" enabled_by_default="false" />
  <inspection_tool class="AndroidLintGradleGetter" enabled="false" level="ERROR" enabled_by_default="false" />
  <inspection_tool class="AndroidLintGradleIdeError" enabled="false" level="ERROR" enabled_by_default="false" />
  <inspection_tool class="AndroidLintGradleOverrides" enabled="false" level="WARNING" enabled_by_default="false" />
  <inspection_tool class="AndroidLintGradlePath" enabled="false" level="WARNING" enabled_by_default="false" />
  <inspection_tool class="AndroidLintGrantAllUris" enabled="false" level="WARNING" enabled_by_default="false" />
  <inspection_tool class="AndroidLintGridLayout" enabled="false" level="ERROR" enabled_by_default="false" />
  <inspection_tool class="AndroidLintHandlerLeak" enabled="false" level="WARNING" enabled_by_default="false" />
  <inspection_tool class="AndroidLintHardcodedDebugMode" enabled="false" level="ERROR" enabled_by_default="false" />
  <inspection_tool class="AndroidLintHardcodedText" enabled="false" level="WARNING" enabled_by_default="false" />
  <inspection_tool class="AndroidLintIconColors" enabled="false" level="WARNING" enabled_by_default="false" />
  <inspection_tool class="AndroidLintIconDensities" enabled="false" level="WARNING" enabled_by_default="false" />
  <inspection_tool class="AndroidLintIconDipSize" enabled="false" level="WARNING" enabled_by_default="false" />
  <inspection_tool class="AndroidLintIconDuplicates" enabled="false" level="WARNING" enabled_by_default="false" />
  <inspection_tool class="AndroidLintIconDuplicatesConfig" enabled="false" level="WARNING" enabled_by_default="false" />
  <inspection_tool class="AndroidLintIconExtension" enabled="false" level="WARNING" enabled_by_default="false" />
  <inspection_tool class="AndroidLintIconLauncherShape" enabled="false" level="WARNING" enabled_by_default="false" />
  <inspection_tool class="AndroidLintIconLocation" enabled="false" level="WARNING" enabled_by_default="false" />
  <inspection_tool class="AndroidLintIconMissingDensityFolder" enabled="false" level="WARNING" enabled_by_default="false" />
  <inspection_tool class="AndroidLintIconMixedNinePatch" enabled="false" level="WARNING" enabled_by_default="false" />
  <inspection_tool class="AndroidLintIconNoDpi" enabled="false" level="WARNING" enabled_by_default="false" />
  <inspection_tool class="AndroidLintIconXmlAndPng" enabled="false" level="WARNING" enabled_by_default="false" />
  <inspection_tool class="AndroidLintIllegalResourceRef" enabled="false" level="WARNING" enabled_by_default="false" />
  <inspection_tool class="AndroidLintImpliedQuantity" enabled="false" level="ERROR" enabled_by_default="false" />
  <inspection_tool class="AndroidLintInOrMmUsage" enabled="false" level="WARNING" enabled_by_default="false" />
  <inspection_tool class="AndroidLintIncludeLayoutParam" enabled="false" level="ERROR" enabled_by_default="false" />
  <inspection_tool class="AndroidLintInconsistentArrays" enabled="false" level="WARNING" enabled_by_default="false" />
  <inspection_tool class="AndroidLintInconsistentLayout" enabled="false" level="WARNING" enabled_by_default="false" />
  <inspection_tool class="AndroidLintInefficientWeight" enabled="false" level="WARNING" enabled_by_default="false" />
  <inspection_tool class="AndroidLintInflateParams" enabled="false" level="WARNING" enabled_by_default="false" />
  <inspection_tool class="AndroidLintInlinedApi" enabled="false" level="WARNING" enabled_by_default="false" />
  <inspection_tool class="AndroidLintInnerclassSeparator" enabled="false" level="WARNING" enabled_by_default="false" />
  <inspection_tool class="AndroidLintInvalidId" enabled="false" level="ERROR" enabled_by_default="false" />
  <inspection_tool class="AndroidLintInvalidResourceFolder" enabled="false" level="ERROR" enabled_by_default="false" />
  <inspection_tool class="AndroidLintJavascriptInterface" enabled="false" level="ERROR" enabled_by_default="false" />
  <inspection_tool class="AndroidLintLabelFor" enabled="false" level="WARNING" enabled_by_default="false" />
  <inspection_tool class="AndroidLintLibraryCustomView" enabled="false" level="ERROR" enabled_by_default="false" />
  <inspection_tool class="AndroidLintLocalSuppress" enabled="false" level="ERROR" enabled_by_default="false" />
  <inspection_tool class="AndroidLintLocaleFolder" enabled="false" level="WARNING" enabled_by_default="false" />
  <inspection_tool class="AndroidLintLogTagMismatch" enabled="false" level="ERROR" enabled_by_default="false" />
  <inspection_tool class="AndroidLintLongLogTag" enabled="false" level="ERROR" enabled_by_default="false" />
  <inspection_tool class="AndroidLintMangledCRLF" enabled="false" level="ERROR" enabled_by_default="false" />
  <inspection_tool class="AndroidLintManifestOrder" enabled="false" level="WARNING" enabled_by_default="false" />
  <inspection_tool class="AndroidLintMenuTitle" enabled="false" level="ERROR" enabled_by_default="false" />
  <inspection_tool class="AndroidLintMergeRootFrame" enabled="false" level="WARNING" enabled_by_default="false" />
  <inspection_tool class="AndroidLintMipmapIcons" enabled="false" level="WARNING" enabled_by_default="false" />
  <inspection_tool class="AndroidLintMissingApplicationIcon" enabled="false" level="WARNING" enabled_by_default="false" />
  <inspection_tool class="AndroidLintMissingId" enabled="false" level="WARNING" enabled_by_default="false" />
  <inspection_tool class="AndroidLintMissingPrefix" enabled="false" level="ERROR" enabled_by_default="false" />
  <inspection_tool class="AndroidLintMissingQuantity" enabled="false" level="ERROR" enabled_by_default="false" />
  <inspection_tool class="AndroidLintMissingSuperCall" enabled="false" level="WARNING" enabled_by_default="false" />
  <inspection_tool class="AndroidLintMissingTranslation" enabled="false" level="ERROR" enabled_by_default="false" />
  <inspection_tool class="AndroidLintMissingVersion" enabled="false" level="WARNING" enabled_by_default="false" />
  <inspection_tool class="AndroidLintMockLocation" enabled="false" level="ERROR" enabled_by_default="false" />
  <inspection_tool class="AndroidLintMultipleUsesSdk" enabled="false" level="ERROR" enabled_by_default="false" />
  <inspection_tool class="AndroidLintNestedScrolling" enabled="false" level="WARNING" enabled_by_default="false" />
  <inspection_tool class="AndroidLintNestedWeights" enabled="false" level="WARNING" enabled_by_default="false" />
  <inspection_tool class="AndroidLintNewApi" enabled="false" level="ERROR" enabled_by_default="false" />
  <inspection_tool class="AndroidLintNfcTechWhitespace" enabled="false" level="ERROR" enabled_by_default="false" />
  <inspection_tool class="AndroidLintNotSibling" enabled="false" level="ERROR" enabled_by_default="false" />
  <inspection_tool class="AndroidLintObsoleteLayoutParam" enabled="false" level="WARNING" enabled_by_default="false" />
  <inspection_tool class="AndroidLintOldTargetApi" enabled="false" level="WARNING" enabled_by_default="false" />
  <inspection_tool class="AndroidLintOrientation" enabled="false" level="ERROR" enabled_by_default="false" />
  <inspection_tool class="AndroidLintOverdraw" enabled="false" level="WARNING" enabled_by_default="false" />
  <inspection_tool class="AndroidLintOverride" enabled="false" level="ERROR" enabled_by_default="false" />
  <inspection_tool class="AndroidLintOverrideAbstract" enabled="false" level="ERROR" enabled_by_default="false" />
  <inspection_tool class="AndroidLintPackagedPrivateKey" enabled="false" level="ERROR" enabled_by_default="false" />
  <inspection_tool class="AndroidLintParcelCreator" enabled="false" level="WARNING" enabled_by_default="false" />
  <inspection_tool class="AndroidLintPluralsCandidate" enabled="false" level="WARNING" enabled_by_default="false" />
  <inspection_tool class="AndroidLintPrivateResource" enabled="false" level="ERROR" enabled_by_default="false" />
  <inspection_tool class="AndroidLintProguard" enabled="false" level="ERROR" enabled_by_default="false" />
  <inspection_tool class="AndroidLintProguardSplit" enabled="false" level="WARNING" enabled_by_default="false" />
  <inspection_tool class="AndroidLintPropertyEscape" enabled="false" level="ERROR" enabled_by_default="false" />
  <inspection_tool class="AndroidLintProtectedPermissions" enabled="false" level="ERROR" enabled_by_default="false" />
  <inspection_tool class="AndroidLintPxUsage" enabled="false" level="WARNING" enabled_by_default="false" />
  <inspection_tool class="AndroidLintRecycle" enabled="false" level="WARNING" enabled_by_default="false" />
  <inspection_tool class="AndroidLintReferenceType" enabled="false" level="ERROR" enabled_by_default="false" />
  <inspection_tool class="AndroidLintRegistered" enabled="false" level="WARNING" enabled_by_default="false" />
  <inspection_tool class="AndroidLintRelativeOverlap" enabled="false" level="WARNING" enabled_by_default="false" />
  <inspection_tool class="AndroidLintRequiredSize" enabled="false" level="ERROR" enabled_by_default="false" />
  <inspection_tool class="AndroidLintResAuto" enabled="false" level="ERROR" enabled_by_default="false" />
  <inspection_tool class="AndroidLintResourceAsColor" enabled="false" level="ERROR" enabled_by_default="false" />
  <inspection_tool class="AndroidLintResourceCycle" enabled="false" level="ERROR" enabled_by_default="false" />
  <inspection_tool class="AndroidLintResourceName" enabled="false" level="ERROR" enabled_by_default="false" />
  <inspection_tool class="AndroidLintRtlCompat" enabled="false" level="ERROR" enabled_by_default="false" />
  <inspection_tool class="AndroidLintRtlEnabled" enabled="false" level="WARNING" enabled_by_default="false" />
  <inspection_tool class="AndroidLintRtlHardcoded" enabled="false" level="WARNING" enabled_by_default="false" />
  <inspection_tool class="AndroidLintRtlSymmetry" enabled="false" level="WARNING" enabled_by_default="false" />
  <inspection_tool class="AndroidLintScrollViewCount" enabled="false" level="WARNING" enabled_by_default="false" />
  <inspection_tool class="AndroidLintScrollViewSize" enabled="false" level="WARNING" enabled_by_default="false" />
  <inspection_tool class="AndroidLintSdCardPath" enabled="false" level="WARNING" enabled_by_default="false" />
  <inspection_tool class="AndroidLintServiceCast" enabled="false" level="ERROR" enabled_by_default="false" />
  <inspection_tool class="AndroidLintSetJavaScriptEnabled" enabled="false" level="WARNING" enabled_by_default="false" />
  <inspection_tool class="AndroidLintShowToast" enabled="false" level="WARNING" enabled_by_default="false" />
  <inspection_tool class="AndroidLintSignatureOrSystemPermissions" enabled="false" level="WARNING" enabled_by_default="false" />
  <inspection_tool class="AndroidLintSimpleDateFormat" enabled="false" level="WARNING" enabled_by_default="false" />
  <inspection_tool class="AndroidLintSmallSp" enabled="false" level="WARNING" enabled_by_default="false" />
  <inspection_tool class="AndroidLintSpUsage" enabled="false" level="WARNING" enabled_by_default="false" />
  <inspection_tool class="AndroidLintStateListReachable" enabled="false" level="WARNING" enabled_by_default="false" />
  <inspection_tool class="AndroidLintStringFormatCount" enabled="false" level="WARNING" enabled_by_default="false" />
  <inspection_tool class="AndroidLintStringFormatInvalid" enabled="false" level="ERROR" enabled_by_default="false" />
  <inspection_tool class="AndroidLintStringFormatMatches" enabled="false" level="ERROR" enabled_by_default="false" />
  <inspection_tool class="AndroidLintStringShouldBeInt" enabled="false" level="ERROR" enabled_by_default="false" />
  <inspection_tool class="AndroidLintSuspicious0dp" enabled="false" level="ERROR" enabled_by_default="false" />
  <inspection_tool class="AndroidLintSuspiciousImport" enabled="false" level="WARNING" enabled_by_default="false" />
  <inspection_tool class="AndroidLintTextFields" enabled="false" level="WARNING" enabled_by_default="false" />
  <inspection_tool class="AndroidLintTextViewEdits" enabled="false" level="WARNING" enabled_by_default="false" />
  <inspection_tool class="AndroidLintTooDeepLayout" enabled="false" level="WARNING" enabled_by_default="false" />
  <inspection_tool class="AndroidLintTooManyViews" enabled="false" level="WARNING" enabled_by_default="false" />
  <inspection_tool class="AndroidLintTypographyDashes" enabled="false" level="WARNING" enabled_by_default="false" />
  <inspection_tool class="AndroidLintTypographyEllipsis" enabled="false" level="WARNING" enabled_by_default="false" />
  <inspection_tool class="AndroidLintTypographyFractions" enabled="false" level="WARNING" enabled_by_default="false" />
  <inspection_tool class="AndroidLintTypographyOther" enabled="false" level="WARNING" enabled_by_default="false" />
  <inspection_tool class="AndroidLintTypos" enabled="false" level="WARNING" enabled_by_default="false" />
  <inspection_tool class="AndroidLintUniquePermission" enabled="false" level="ERROR" enabled_by_default="false" />
  <inspection_tool class="AndroidLintUnknownId" enabled="false" level="ERROR" enabled_by_default="false" />
  <inspection_tool class="AndroidLintUnknownIdInLayout" enabled="false" level="WARNING" enabled_by_default="false" />
  <inspection_tool class="AndroidLintUnlocalizedSms" enabled="false" level="WARNING" enabled_by_default="false" />
  <inspection_tool class="AndroidLintUnusedAttribute" enabled="false" level="WARNING" enabled_by_default="false" />
  <inspection_tool class="AndroidLintUnusedQuantity" enabled="false" level="WARNING" enabled_by_default="false" />
  <inspection_tool class="AndroidLintUnusedResources" enabled="false" level="WARNING" enabled_by_default="false" />
  <inspection_tool class="AndroidLintUseAlpha2" enabled="false" level="WARNING" enabled_by_default="false" />
  <inspection_tool class="AndroidLintUseCheckPermission" enabled="false" level="WARNING" enabled_by_default="false" />
  <inspection_tool class="AndroidLintUseCompoundDrawables" enabled="false" level="WARNING" enabled_by_default="false" />
  <inspection_tool class="AndroidLintUseSparseArrays" enabled="false" level="WARNING" enabled_by_default="false" />
  <inspection_tool class="AndroidLintUseValueOf" enabled="false" level="WARNING" enabled_by_default="false" />
  <inspection_tool class="AndroidLintUselessLeaf" enabled="false" level="WARNING" enabled_by_default="false" />
  <inspection_tool class="AndroidLintUselessParent" enabled="false" level="WARNING" enabled_by_default="false" />
  <inspection_tool class="AndroidLintUsesMinSdkAttributes" enabled="false" level="WARNING" enabled_by_default="false" />
  <inspection_tool class="AndroidLintUsingHttp" enabled="false" level="WARNING" enabled_by_default="false" />
  <inspection_tool class="AndroidLintValidFragment" enabled="false" level="ERROR" enabled_by_default="false" />
  <inspection_tool class="AndroidLintViewConstructor" enabled="false" level="WARNING" enabled_by_default="false" />
  <inspection_tool class="AndroidLintViewHolder" enabled="false" level="WARNING" enabled_by_default="false" />
  <inspection_tool class="AndroidLintWebViewLayout" enabled="false" level="ERROR" enabled_by_default="false" />
  <inspection_tool class="AndroidLintWorldReadableFiles" enabled="false" level="WARNING" enabled_by_default="false" />
  <inspection_tool class="AndroidLintWorldWriteableFiles" enabled="false" level="WARNING" enabled_by_default="false" />
  <inspection_tool class="AndroidLintWrongCall" enabled="false" level="ERROR" enabled_by_default="false" />
  <inspection_tool class="AndroidLintWrongCase" enabled="false" level="ERROR" enabled_by_default="false" />
  <inspection_tool class="AndroidLintWrongFolder" enabled="false" level="ERROR" enabled_by_default="false" />
  <inspection_tool class="AndroidLintWrongRegion" enabled="false" level="WARNING" enabled_by_default="false" />
  <inspection_tool class="AndroidLintWrongViewCast" enabled="false" level="ERROR" enabled_by_default="false" />
  <inspection_tool class="AndroidMissingOnClickHandler" enabled="false" level="WARNING" enabled_by_default="false" />
  <inspection_tool class="AndroidNonConstantResIdsInSwitch" enabled="false" level="ERROR" enabled_by_default="false" />
  <inspection_tool class="AndroidUnknownAttribute" enabled="false" level="WARNING" enabled_by_default="false" />
  <inspection_tool class="AntDuplicateTargetsInspection" enabled="false" level="ERROR" enabled_by_default="false" />
  <inspection_tool class="AntMissingPropertiesFileInspection" enabled="false" level="ERROR" enabled_by_default="false" />
  <inspection_tool class="AntResolveInspection" enabled="false" level="ERROR" enabled_by_default="false" />
  <inspection_tool class="ArrayEquality" enabled="true" level="WARNING" enabled_by_default="true" />
  <inspection_tool class="AssertEqualsBetweenInconvertibleTypes" enabled="false" level="WARNING" enabled_by_default="false" />
  <inspection_tool class="AssertEqualsBetweenInconvertibleTypesTestNG" enabled="false" level="WARNING" enabled_by_default="false" />
  <inspection_tool class="AutoCloseableResource" enabled="true" level="WARNING" enabled_by_default="true">
    <option name="ignoreFromMethodCall" value="true" />
  </inspection_tool>
  <inspection_tool class="BooleanMethodIsAlwaysInverted" enabled="false" level="WARNING" enabled_by_default="false" />
  <inspection_tool class="BoundFieldAssignment" enabled="false" level="WARNING" enabled_by_default="false" />
  <inspection_tool class="CStyleArrayDeclaration" enabled="true" level="WARNING" enabled_by_default="true" />
  <inspection_tool class="CallToSimpleGetterInClass" enabled="true" level="WARNING" enabled_by_default="true">
    <option name="ignoreGetterCallsOnOtherObjects" value="true" />
    <option name="onlyReportPrivateGetter" value="false" />
  </inspection_tool>
  <inspection_tool class="CallToSimpleSetterInClass" enabled="true" level="WARNING" enabled_by_default="true">
    <option name="ignoreSetterCallsOnOtherObjects" value="true" />
    <option name="onlyReportPrivateSetter" value="false" />
  </inspection_tool>
  <inspection_tool class="CallToStringConcatCanBeReplacedByOperator" enabled="true" level="WARNING" enabled_by_default="true" />
  <inspection_tool class="CastToIncompatibleInterface" enabled="true" level="WARNING" enabled_by_default="true" />
  <inspection_tool class="ChainedEquality" enabled="true" level="WARNING" enabled_by_default="true" />
  <inspection_tool class="ChannelResource" enabled="true" level="WARNING" enabled_by_default="true">
    <option name="insideTryAllowed" value="false" />
  </inspection_tool>
  <inspection_tool class="CheckDtdRefs" enabled="false" level="ERROR" enabled_by_default="false" />
  <inspection_tool class="CheckEmptyScriptTag" enabled="false" level="WARNING" enabled_by_default="false" />
  <inspection_tool class="CheckNodeTest" enabled="false" level="WARNING" enabled_by_default="false" />
  <inspection_tool class="CheckTagEmptyBody" enabled="false" level="WARNING" enabled_by_default="false" />
  <inspection_tool class="CheckValidXmlInScriptTagBody" enabled="false" level="ERROR" enabled_by_default="false" />
  <inspection_tool class="CheckXmlFileWithXercesValidator" enabled="false" level="ERROR" enabled_by_default="false" />
  <inspection_tool class="ClashingTraitMethods" enabled="false" level="WARNING" enabled_by_default="false" />
  <inspection_tool class="ClassHasNoToStringMethod" enabled="true" level="WARNING" enabled_by_default="true">
    <option name="excludeClassNames" value="" />
    <option name="excludeException" value="true" />
    <option name="excludeDeprecated" value="true" />
    <option name="excludeEnum" value="true" />
    <option name="excludeAbstract" value="false" />
    <option name="excludeTestCode" value="false" />
    <option name="excludeInnerClasses" value="false" />
  </inspection_tool>
  <inspection_tool class="ClassInTopLevelPackage" enabled="true" level="WARNING" enabled_by_default="true" />
  <inspection_tool class="ClassMayBeInterface" enabled="true" level="WARNING" enabled_by_default="true" />
  <inspection_tool class="ClassNameDiffersFromFileName" enabled="true" level="WARNING" enabled_by_default="true" />
  <inspection_tool class="CollectionsFieldAccessReplaceableByMethodCall" enabled="true" level="WARNING" enabled_by_default="true" />
  <inspection_tool class="CollectionsMustHaveInitialCapacity" enabled="true" level="WARNING" enabled_by_default="true" />
  <inspection_tool class="ComparableImplementedButEqualsNotOverridden" enabled="true" level="WARNING" enabled_by_default="true" />
  <inspection_tool class="ComparatorNotSerializable" enabled="true" level="WEAK WARNING" enabled_by_default="true" />
  <inspection_tool class="ComponentNotRegistered" enabled="false" level="WARNING" enabled_by_default="false">
    <option name="CHECK_ACTIONS" value="true" />
    <option name="IGNORE_NON_PUBLIC" value="true" />
  </inspection_tool>
  <inspection_tool class="ComponentRegistrationProblems" enabled="false" level="ERROR" enabled_by_default="false" />
  <inspection_tool class="ConditionSignal" enabled="true" level="WARNING" enabled_by_default="true" />
  <inspection_tool class="ConfusingElse" enabled="true" level="WARNING" enabled_by_default="true">
    <option name="reportWhenNoStatementFollow" value="false" />
  </inspection_tool>
  <inspection_tool class="ControlFlowStatementWithoutBraces" enabled="true" level="WARNING" enabled_by_default="true" />
  <inspection_tool class="CovariantCompareTo" enabled="true" level="WARNING" enabled_by_default="true" />
  <inspection_tool class="CovariantEquals" enabled="true" level="WARNING" enabled_by_default="true" />
  <inspection_tool class="DefaultFileTemplate" enabled="false" level="WARNING" enabled_by_default="false">
    <option name="CHECK_FILE_HEADER" value="true" />
    <option name="CHECK_TRY_CATCH_SECTION" value="true" />
    <option name="CHECK_METHOD_BODY" value="true" />
  </inspection_tool>
  <inspection_tool class="DelegatesTo" enabled="false" level="WARNING" enabled_by_default="false" />
  <inspection_tool class="DeprecatedClassUsageInspection" enabled="false" level="WARNING" enabled_by_default="false" />
  <inspection_tool class="DialogTitleCapitalization" enabled="false" level="WARNING" enabled_by_default="false" />
  <inspection_tool class="DivideByZero" enabled="true" level="WARNING" enabled_by_default="true" />
  <inspection_tool class="DontUsePairConstructor" enabled="false" level="WARNING" enabled_by_default="false" />
  <inspection_tool class="DoubleLiteralMayBeFloatLiteral" enabled="true" level="WARNING" enabled_by_default="true" />
  <inspection_tool class="DriverManagerGetConnection" enabled="true" level="WARNING" enabled_by_default="true" />
  <inspection_tool class="DuplicateBooleanBranch" enabled="true" level="WARNING" enabled_by_default="true" />
  <inspection_tool class="DuplicateCondition" enabled="true" level="WARNING" enabled_by_default="true">
    <option name="ignoreMethodCalls" value="false" />
  </inspection_tool>
  <inspection_tool class="DuplicateMnemonic" enabled="false" level="WARNING" enabled_by_default="false" />
  <inspection_tool class="DuplicatePropertyInspection" enabled="true" level="WARNING" enabled_by_default="true">
    <option name="CURRENT_FILE" value="true" />
    <option name="MODULE_WITH_DEPENDENCIES" value="false" />
    <option name="CHECK_DUPLICATE_VALUES" value="false" />
    <option name="CHECK_DUPLICATE_KEYS" value="true" />
    <option name="CHECK_DUPLICATE_KEYS_WITH_DIFFERENT_VALUES" value="true" />
  </inspection_tool>
  <inspection_tool class="DynamicRegexReplaceableByCompiledPattern" enabled="true" level="WARNING" enabled_by_default="true" />
  <inspection_tool class="EmptyClass" enabled="true" level="WARNING" enabled_by_default="true">
    <option name="ignorableAnnotations">
      <value />
    </option>
    <option name="ignoreClassWithParameterization" value="true" />
    <option name="ignoreThrowables" value="true" />
  </inspection_tool>
  <inspection_tool class="EnumerationCanBeIteration" enabled="true" level="WARNING" enabled_by_default="true" />
  <inspection_tool class="EqualsAndHashcode" enabled="true" level="WARNING" enabled_by_default="true" />
  <inspection_tool class="ExtendsUtilityClass" enabled="true" level="WARNING" enabled_by_default="true" />
  <inspection_tool class="ExtensionPointBeanClass" enabled="false" level="WARNING" enabled_by_default="false" />
  <inspection_tool class="FieldMayBeFinal" enabled="true" level="WARNING" enabled_by_default="true" />
  <inspection_tool class="FileEqualsUsage" enabled="false" level="WARNING" enabled_by_default="false" />
  <inspection_tool class="ForLoopReplaceableByWhile" enabled="true" level="WARNING" enabled_by_default="true">
    <option name="m_ignoreLoopsWithoutConditions" value="false" />
  </inspection_tool>
  <inspection_tool class="GrDeprecatedAPIUsage" enabled="false" level="WARNING" enabled_by_default="false" />
  <inspection_tool class="GrEqualsBetweenInconvertibleTypes" enabled="false" level="WARNING" enabled_by_default="false" />
  <inspection_tool class="GrFinalVariableAccess" enabled="false" level="WARNING" enabled_by_default="false" />
  <inspection_tool class="GrMethodMayBeStatic" enabled="false" level="WARNING" enabled_by_default="false" />
  <inspection_tool class="GrPackage" enabled="false" level="WARNING" enabled_by_default="false" />
  <inspection_tool class="GrReassignedInClosureLocalVar" enabled="false" level="WARNING" enabled_by_default="false" />
  <inspection_tool class="GrUnresolvedAccess" enabled="false" level="WEAK WARNING" enabled_by_default="false" />
  <inspection_tool class="GroovyAccessToStaticFieldLockedOnInstance" enabled="false" level="WARNING" enabled_by_default="false" />
  <inspection_tool class="GroovyAccessibility" enabled="false" level="WARNING" enabled_by_default="false" />
  <inspection_tool class="GroovyAssignabilityCheck" enabled="false" level="WARNING" enabled_by_default="false" />
  <inspection_tool class="GroovyConditionalWithIdenticalBranches" enabled="false" level="WARNING" enabled_by_default="false" />
  <inspection_tool class="GroovyConstantConditional" enabled="false" level="WARNING" enabled_by_default="false" />
  <inspection_tool class="GroovyConstantIfStatement" enabled="false" level="WARNING" enabled_by_default="false" />
  <inspection_tool class="GroovyConstructorNamedArguments" enabled="false" level="WARNING" enabled_by_default="false" />
  <inspection_tool class="GroovyDivideByZero" enabled="false" level="WARNING" enabled_by_default="false" />
  <inspection_tool class="GroovyDocCheck" enabled="false" level="ERROR" enabled_by_default="false" />
  <inspection_tool class="GroovyDoubleNegation" enabled="false" level="WARNING" enabled_by_default="false" />
  <inspection_tool class="GroovyDuplicateSwitchBranch" enabled="false" level="WARNING" enabled_by_default="false" />
  <inspection_tool class="GroovyEmptyStatementBody" enabled="false" level="WARNING" enabled_by_default="false" />
  <inspection_tool class="GroovyFallthrough" enabled="false" level="WARNING" enabled_by_default="false" />
  <inspection_tool class="GroovyIfStatementWithIdenticalBranches" enabled="false" level="WARNING" enabled_by_default="false" />
  <inspection_tool class="GroovyInArgumentCheck" enabled="false" level="WARNING" enabled_by_default="false" />
  <inspection_tool class="GroovyInfiniteLoopStatement" enabled="false" level="WARNING" enabled_by_default="false" />
  <inspection_tool class="GroovyInfiniteRecursion" enabled="false" level="WARNING" enabled_by_default="false" />
  <inspection_tool class="GroovyLabeledStatement" enabled="false" level="WARNING" enabled_by_default="false" />
  <inspection_tool class="GroovyMissingReturnStatement" enabled="false" level="WARNING" enabled_by_default="false" />
  <inspection_tool class="GroovyPointlessBoolean" enabled="false" level="WARNING" enabled_by_default="false" />
  <inspection_tool class="GroovyResultOfObjectAllocationIgnored" enabled="false" level="WARNING" enabled_by_default="false" />
  <inspection_tool class="GroovySillyAssignment" enabled="false" level="WARNING" enabled_by_default="false" />
  <inspection_tool class="GroovySingletonAnnotation" enabled="false" level="WARNING" enabled_by_default="false" />
  <inspection_tool class="GroovySynchronizationOnNonFinalField" enabled="false" level="WARNING" enabled_by_default="false" />
  <inspection_tool class="GroovySynchronizationOnVariableInitializedWithLiteral" enabled="false" level="WARNING" enabled_by_default="false" />
  <inspection_tool class="GroovyTrivialConditional" enabled="false" level="WARNING" enabled_by_default="false" />
  <inspection_tool class="GroovyTrivialIf" enabled="false" level="WARNING" enabled_by_default="false" />
  <inspection_tool class="GroovyUncheckedAssignmentOfMemberOfRawType" enabled="false" level="WARNING" enabled_by_default="false" />
  <inspection_tool class="GroovyUnnecessaryContinue" enabled="false" level="WARNING" enabled_by_default="false" />
  <inspection_tool class="GroovyUnnecessaryReturn" enabled="false" level="WARNING" enabled_by_default="false" />
  <inspection_tool class="GroovyUnreachableStatement" enabled="false" level="WARNING" enabled_by_default="false" />
  <inspection_tool class="GroovyUnsynchronizedMethodOverridesSynchronizedMethod" enabled="false" level="WARNING" enabled_by_default="false" />
  <inspection_tool class="GroovyUnusedAssignment" enabled="false" level="WARNING" enabled_by_default="false" />
  <inspection_tool class="GroovyUnusedCatchParameter" enabled="false" level="WARNING" enabled_by_default="false" />
  <inspection_tool class="GroovyUnusedDeclaration" enabled="false" level="WARNING" enabled_by_default="false" />
  <inspection_tool class="GroovyUnusedIncOrDec" enabled="false" level="WARNING" enabled_by_default="false" />
  <inspection_tool class="GroovyVariableNotAssigned" enabled="false" level="WARNING" enabled_by_default="false" />
  <inspection_tool class="GtkPreferredJComboBoxRenderer" enabled="false" level="WARNING" enabled_by_default="false" />
  <inspection_tool class="HardcodedFileSeparators" enabled="true" level="WEAK WARNING" enabled_by_default="true">
    <option name="m_recognizeExampleMediaType" value="false" />
  </inspection_tool>
  <inspection_tool class="HardwiredNamespacePrefix" enabled="false" level="WARNING" enabled_by_default="false" />
  <inspection_tool class="HibernateResource" enabled="true" level="WARNING" enabled_by_default="true">
    <option name="insideTryAllowed" value="false" />
  </inspection_tool>
  <inspection_tool class="HtmlExtraClosingTag" enabled="false" level="ERROR" enabled_by_default="false" />
  <inspection_tool class="HtmlUnknownAnchorTarget" enabled="false" level="WARNING" enabled_by_default="false" />
  <inspection_tool class="HtmlUnknownAttribute" enabled="false" level="WARNING" enabled_by_default="false">
    <option name="myValues">
      <value>
        <list size="0" />
      </value>
    </option>
    <option name="myCustomValuesEnabled" value="true" />
  </inspection_tool>
  <inspection_tool class="HtmlUnknownBooleanAttribute" enabled="false" level="WARNING" enabled_by_default="false" />
  <inspection_tool class="HtmlUnknownTag" enabled="false" level="WARNING" enabled_by_default="false">
    <option name="myValues">
      <value>
        <list size="6">
          <item index="0" class="java.lang.String" itemvalue="nobr" />
          <item index="1" class="java.lang.String" itemvalue="noembed" />
          <item index="2" class="java.lang.String" itemvalue="comment" />
          <item index="3" class="java.lang.String" itemvalue="noscript" />
          <item index="4" class="java.lang.String" itemvalue="embed" />
          <item index="5" class="java.lang.String" itemvalue="script" />
        </list>
      </value>
    </option>
    <option name="myCustomValuesEnabled" value="true" />
  </inspection_tool>
  <inspection_tool class="HtmlUnknownTarget" enabled="false" level="WARNING" enabled_by_default="false" />
  <inspection_tool class="IOResource" enabled="true" level="WARNING" enabled_by_default="true">
    <option name="ignoredTypesString" value="java.io.ByteArrayOutputStream,java.io.ByteArrayInputStream,java.io.StringBufferInputStream,java.io.CharArrayWriter,java.io.CharArrayReader,java.io.StringWriter,java.io.StringReader" />
    <option name="insideTryAllowed" value="false" />
  </inspection_tool>
  <inspection_tool class="IfStatementWithIdenticalBranches" enabled="true" level="WARNING" enabled_by_default="true" />
  <inspection_tool class="IgnoreResultOfCall" enabled="false" level="WARNING" enabled_by_default="false">
    <option name="m_reportAllNonLibraryCalls" value="false" />
    <option name="callCheckString" value="java.io.File,.*,java.io.InputStream,read|skip|available|markSupported,java.io.Writer,read|skip|ready|markSupported,java.lang.Boolean,.*,java.lang.Byte,.*,java.lang.Character,.*,java.lang.Double,.*,java.lang.Float,.*,java.lang.Integer,.*,java.lang.Long,.*,java.lang.Math,.*,java.lang.Object,equals|hashCode|toString,java.lang.Short,.*,java.lang.StrictMath,.*,java.lang.String,.*,java.math.BigInteger,.*,java.math.BigDecimal,.*,java.net.InetAddress,.*,java.net.URI,.*,java.util.UUID,.*,java.util.regex.Matcher,pattern|toMatchResult|start|end|group|groupCount|matches|find|lookingAt|quoteReplacement|replaceAll|replaceFirst|regionStart|regionEnd|hasTransparantBounds|hasAnchoringBounds|hitEnd|requireEnd,java.util.regex.Pattern,.*" />
  </inspection_tool>
  <inspection_tool class="ImplicitTypeConversion" enabled="false" level="WARNING" enabled_by_default="false">
    <option name="BITS" value="1720" />
    <option name="FLAG_EXPLICIT_CONVERSION" value="true" />
    <option name="IGNORE_NODESET_TO_BOOLEAN_VIA_STRING" value="true" />
  </inspection_tool>
  <inspection_tool class="InconsistentResourceBundle" enabled="false" level="ERROR" enabled_by_default="false">
    <option name="REPORT_MISSING_TRANSLATIONS" value="true" />
    <option name="REPORT_INCONSISTENT_PROPERTIES" value="true" />
    <option name="REPORT_DUPLICATED_PROPERTIES" value="true" />
  </inspection_tool>
  <inspection_tool class="IndexZeroUsage" enabled="false" level="WARNING" enabled_by_default="false" />
  <inspection_tool class="InnerClassMayBeStatic" enabled="true" level="WEAK WARNING" enabled_by_default="true" />
  <inspection_tool class="InspectionDescriptionNotFoundInspection" enabled="false" level="WARNING" enabled_by_default="false" />
  <inspection_tool class="InspectionMappingConsistency" enabled="false" level="WARNING" enabled_by_default="false" />
  <inspection_tool class="InspectionUsingGrayColors" enabled="false" level="WARNING" enabled_by_default="false" />
  <inspection_tool class="InstanceofIncompatibleInterface" enabled="true" level="WARNING" enabled_by_default="true" />
  <inspection_tool class="IntentionDescriptionNotFoundInspection" enabled="false" level="WARNING" enabled_by_default="false" />
  <inspection_tool class="InterfaceMayBeAnnotatedFunctional" enabled="true" level="WEAK WARNING" enabled_by_default="true" />
  <inspection_tool class="IteratorHasNextCallsIteratorNext" enabled="true" level="WARNING" enabled_by_default="true" />
  <inspection_tool class="IteratorNextDoesNotThrowNoSuchElementException" enabled="true" level="WARNING" enabled_by_default="true" />
  <inspection_tool class="JDBCResource" enabled="true" level="WARNING" enabled_by_default="true">
    <option name="insideTryAllowed" value="false" />
  </inspection_tool>
  <inspection_tool class="JNDIResource" enabled="true" level="WARNING" enabled_by_default="true">
    <option name="insideTryAllowed" value="false" />
  </inspection_tool>
  <inspection_tool class="JUnit4AnnotatedMethodInJUnit3TestCase" enabled="false" level="WARNING" enabled_by_default="false" />
  <inspection_tool class="JavaDoc" enabled="true" level="JAVADOC" enabled_by_default="true">
    <option name="TOP_LEVEL_CLASS_OPTIONS">
      <value>
        <option name="ACCESS_JAVADOC_REQUIRED_FOR" value="public" />
        <option name="REQUIRED_TAGS" value="" />
      </value>
    </option>
    <option name="INNER_CLASS_OPTIONS">
      <value>
        <option name="ACCESS_JAVADOC_REQUIRED_FOR" value="protected" />
        <option name="REQUIRED_TAGS" value="" />
      </value>
    </option>
    <option name="METHOD_OPTIONS">
      <value>
        <option name="ACCESS_JAVADOC_REQUIRED_FOR" value="protected" />
        <option name="REQUIRED_TAGS" value="@return@param@throws or @exception" />
      </value>
    </option>
    <option name="FIELD_OPTIONS">
      <value>
        <option name="ACCESS_JAVADOC_REQUIRED_FOR" value="protected" />
        <option name="REQUIRED_TAGS" value="" />
      </value>
    </option>
    <option name="IGNORE_DEPRECATED" value="false" />
    <option name="IGNORE_JAVADOC_PERIOD" value="true" />
    <option name="IGNORE_DUPLICATED_THROWS" value="false" />
    <option name="IGNORE_POINT_TO_ITSELF" value="false" />
    <option name="myAdditionalJavadocTags" value="" />
    <option name="ACCESS_JAVADOC_REQUIRED_FOR" value="public" />
    <option name="REQUIRED_TAGS" value="" />
  </inspection_tool>
  <inspection_tool class="JavaFxDefaultTag" enabled="false" level="WARNING" enabled_by_default="false" />
  <inspection_tool class="JavaFxUnresolvedFxIdReference" enabled="false" level="WARNING" enabled_by_default="false" />
  <inspection_tool class="JavaFxUnusedImports" enabled="false" level="WARNING" enabled_by_default="false" />
  <inspection_tool class="JavaLangImport" enabled="true" level="WARNING" enabled_by_default="true" />
  <inspection_tool class="JavadocReference" enabled="true" level="JAVADOC" enabled_by_default="true" />
  <inspection_tool class="KeySetIterationMayUseEntrySet" enabled="true" level="WARNING" enabled_by_default="true" />
  <inspection_tool class="ListIndexOfReplaceableByContains" enabled="true" level="WARNING" enabled_by_default="true" />
  <inspection_tool class="LocalCanBeFinal" enabled="true" level="WARNING" enabled_by_default="true">
    <option name="REPORT_VARIABLES" value="true" />
    <option name="REPORT_PARAMETERS" value="true" />
  </inspection_tool>
  <inspection_tool class="LoggerInitializedWithForeignClass" enabled="false" level="WARNING" enabled_by_default="false">
    <option name="loggerClassName" value="org.apache.log4j.Logger,org.slf4j.LoggerFactory,org.apache.commons.logging.LogFactory,java.util.logging.Logger" />
    <option name="loggerFactoryMethodName" value="getLogger,getLogger,getLog,getLogger" />
  </inspection_tool>
  <inspection_tool class="LongLiteralsEndingWithLowercaseL" enabled="true" level="WARNING" enabled_by_default="true" />
  <inspection_tool class="MagicNumber" enabled="true" level="WARNING" enabled_by_default="true">
    <option name="ignoreInitialCapacity" value="true" />
  </inspection_tool>
  <inspection_tool class="MapReplaceableByEnumMap" enabled="true" level="WARNING" enabled_by_default="true" />
  <inspection_tool class="MethodNameSameAsClassName" enabled="true" level="WEAK WARNING" enabled_by_default="true" />
  <inspection_tool class="MissingDeprecatedAnnotation" enabled="true" level="JAVADOC" enabled_by_default="true" />
  <inspection_tool class="MissingMnemonic" enabled="false" level="WARNING" enabled_by_default="false" />
  <inspection_tool class="MissingOverrideAnnotation" enabled="true" level="WARNING" enabled_by_default="true">
    <option name="ignoreObjectMethods" value="true" />
    <option name="ignoreAnonymousClassMethods" value="false" />
  </inspection_tool>
  <inspection_tool class="MissingPackageInfo" enabled="true" level="JAVADOC" enabled_by_default="true" />
  <inspection_tool class="MissortedModifiers" enabled="true" level="WARNING" enabled_by_default="true">
    <option name="m_requireAnnotationsFirst" value="true" />
  </inspection_tool>
  <inspection_tool class="MisspelledCompareTo" enabled="true" level="WARNING" enabled_by_default="true" />
  <inspection_tool class="MisspelledEquals" enabled="true" level="WARNING" enabled_by_default="true" />
  <inspection_tool class="MisspelledHashcode" enabled="true" level="WARNING" enabled_by_default="true" />
  <inspection_tool class="MisspelledToString" enabled="true" level="WARNING" enabled_by_default="true" />
  <inspection_tool class="MultipleRepositoryUrls" enabled="false" level="WARNING" enabled_by_default="false" />
  <inspection_tool class="MultipleTopLevelClassesInFile" enabled="true" level="WARNING" enabled_by_default="true" />
  <inspection_tool class="MultipleTypedDeclaration" enabled="true" level="WARNING" enabled_by_default="true" />
  <inspection_tool class="MultiplyOrDivideByPowerOfTwo" enabled="true" level="WARNING" enabled_by_default="true">
    <option name="checkDivision" value="false" />
  </inspection_tool>
  <inspection_tool class="NewInstanceOfSingleton" enabled="false" level="WARNING" enabled_by_default="false" />
  <inspection_tool class="NoButtonGroup" enabled="false" level="WARNING" enabled_by_default="false" />
  <inspection_tool class="NoLabelFor" enabled="false" level="WARNING" enabled_by_default="false" />
  <inspection_tool class="NoScrollPane" enabled="false" level="WARNING" enabled_by_default="false" />
  <inspection_tool class="NonFinalUtilityClass" enabled="true" level="WARNING" enabled_by_default="true" />
  <inspection_tool class="NonSerializableWithSerialVersionUIDField" enabled="true" level="WEAK WARNING" enabled_by_default="true" />
  <inspection_tool class="NullableProblems" enabled="false" level="WARNING" enabled_by_default="false">
    <option name="REPORT_NULLABLE_METHOD_OVERRIDES_NOTNULL" value="true" />
    <option name="REPORT_NOT_ANNOTATED_METHOD_OVERRIDES_NOTNULL" value="true" />
    <option name="REPORT_NOTNULL_PARAMETER_OVERRIDES_NULLABLE" value="true" />
    <option name="REPORT_NOT_ANNOTATED_PARAMETER_OVERRIDES_NOTNULL" value="true" />
    <option name="REPORT_NOT_ANNOTATED_GETTER" value="true" />
    <option name="REPORT_NOT_ANNOTATED_SETTER_PARAMETER" value="true" />
    <option name="REPORT_ANNOTATION_NOT_PROPAGATED_TO_OVERRIDERS" value="true" />
    <option name="REPORT_NULLS_PASSED_TO_NON_ANNOTATED_METHOD" value="true" />
  </inspection_tool>
  <inspection_tool class="ObjectEquality" enabled="true" level="WARNING" enabled_by_default="true">
    <option name="m_ignoreEnums" value="true" />
    <option name="m_ignoreClassObjects" value="false" />
    <option name="m_ignorePrivateConstructors" value="false" />
  </inspection_tool>
  <inspection_tool class="ObjectNotify" enabled="true" level="WARNING" enabled_by_default="true" />
  <inspection_tool class="ObjectToString" enabled="true" level="WARNING" enabled_by_default="true" />
  <inspection_tool class="OnDemandImport" enabled="true" level="WARNING" enabled_by_default="true" />
  <inspection_tool class="OneButtonGroup" enabled="false" level="WARNING" enabled_by_default="false" />
  <inspection_tool class="OverlyStrongTypeCast" enabled="true" level="WARNING" enabled_by_default="true">
    <option name="ignoreInMatchingInstanceof" value="false" />
  </inspection_tool>
  <inspection_tool class="PackageDotHtmlMayBePackageInfo" enabled="true" level="JAVADOC" enabled_by_default="true" />
  <inspection_tool class="PluginXmlValidity" enabled="false" level="ERROR" enabled_by_default="false" />
  <inspection_tool class="PointlessIndexOfComparison" enabled="true" level="WARNING" enabled_by_default="true" />
  <inspection_tool class="PointlessNullCheck" enabled="true" level="WARNING" enabled_by_default="true" />
  <inspection_tool class="PostfixTemplateDescriptionNotFound" enabled="false" level="WARNING" enabled_by_default="false" />
  <inspection_tool class="ProtectedMemberInFinalClass" enabled="true" level="WARNING" enabled_by_default="true" />
  <inspection_tool class="PublicConstructorInNonPublicClass" enabled="true" level="WARNING" enabled_by_default="true" />
  <inspection_tool class="RandomDoubleForRandomInteger" enabled="true" level="WARNING" enabled_by_default="true" />
  <inspection_tool class="RawUseOfParameterizedType" enabled="true" level="WARNING" enabled_by_default="true">
    <option name="ignoreObjectConstruction" value="false" />
  </inspection_tool>
  <inspection_tool class="RedundantImplements" enabled="false" level="WARNING" enabled_by_default="false">
    <option name="ignoreSerializable" value="true" />
    <option name="ignoreCloneable" value="true" />
  </inspection_tool>
  <inspection_tool class="RedundantMethodOverride" enabled="true" level="WARNING" enabled_by_default="true" />
  <inspection_tool class="RedundantSuppression" enabled="true" level="WEAK WARNING" enabled_by_default="true" />
  <inspection_tool class="RedundantTypeConversion" enabled="false" level="WARNING" enabled_by_default="false">
    <option name="CHECK_ANY" value="false" />
  </inspection_tool>
  <inspection_tool class="ReplaceAssignmentWithOperatorAssignment" enabled="true" level="WEAK WARNING" enabled_by_default="true">
    <option name="ignoreLazyOperators" value="true" />
    <option name="ignoreObscureOperators" value="false" />
  </inspection_tool>
  <inspection_tool class="RequiredAttributes" enabled="false" level="WARNING" enabled_by_default="false">
    <option name="myAdditionalRequiredHtmlAttributes" value="" />
  </inspection_tool>
  <inspection_tool class="ResourceType" enabled="false" level="ERROR" enabled_by_default="false" />
  <inspection_tool class="ResultSetIndexZero" enabled="true" level="WARNING" enabled_by_default="true" />
  <inspection_tool class="SamePackageImport" enabled="true" level="WARNING" enabled_by_default="true" />
  <inspection_tool class="SameParameterValue" enabled="false" level="WARNING" enabled_by_default="false" />
  <inspection_tool class="SameReturnValue" enabled="false" level="WARNING" enabled_by_default="false" />
  <inspection_tool class="SecondUnsafeCall" enabled="false" level="WARNING" enabled_by_default="false" />
  <inspection_tool class="SerializableHasSerialVersionUIDField" enabled="true" level="WEAK WARNING" enabled_by_default="true">
    <option name="ignoreAnonymousInnerClasses" value="true" />
    <option name="superClassString" value="" />
  </inspection_tool>
  <inspection_tool class="SizeReplaceableByIsEmpty" enabled="true" level="WARNING" enabled_by_default="true" />
  <inspection_tool class="SocketResource" enabled="true" level="WARNING" enabled_by_default="true">
    <option name="insideTryAllowed" value="false" />
  </inspection_tool>
  <inspection_tool class="SpellCheckingInspection" enabled="false" level="TYPO" enabled_by_default="false">
    <option name="processCode" value="true" />
    <option name="processLiterals" value="true" />
    <option name="processComments" value="true" />
  </inspection_tool>
  <inspection_tool class="StaticCollection" enabled="true" level="WARNING" enabled_by_default="true">
    <option name="m_ignoreWeakCollections" value="false" />
  </inspection_tool>
  <inspection_tool class="StringEqualsEmptyString" enabled="true" level="WARNING" enabled_by_default="true" />
  <inspection_tool class="SuspiciousMethodCalls" enabled="false" level="WARNING" enabled_by_default="false">
    <option name="REPORT_CONVERTIBLE_METHOD_CALLS" value="true" />
  </inspection_tool>
  <inspection_tool class="SwitchStatementsWithoutDefault" enabled="true" level="WARNING" enabled_by_default="true">
    <option name="m_ignoreFullyCoveredEnums" value="true" />
  </inspection_tool>
  <inspection_tool class="TrailingSpacesInProperty" enabled="false" level="WARNING" enabled_by_default="false" />
  <inspection_tool class="TypeCustomizer" enabled="false" level="WARNING" enabled_by_default="false" />
  <inspection_tool class="TypeMayBeWeakened" enabled="true" level="WEAK WARNING" enabled_by_default="true">
    <option name="useRighthandTypeAsWeakestTypeInAssignments" value="true" />
    <option name="useParameterizedTypeForCollectionMethods" value="true" />
    <option name="doNotWeakenToJavaLangObject" value="true" />
    <option name="onlyWeakentoInterface" value="true" />
  </inspection_tool>
  <inspection_tool class="UnclearBinaryExpression" enabled="true" level="WARNING" enabled_by_default="true" />
  <inspection_tool class="UndesirableClassUsage" enabled="false" level="WARNING" enabled_by_default="false" />
  <inspection_tool class="UnnecessaryConstructor" enabled="true" level="WARNING" enabled_by_default="true" />
  <inspection_tool class="UnnecessaryInheritDoc" enabled="true" level="JAVADOC" enabled_by_default="true" />
  <inspection_tool class="UnnecessaryQualifiedReference" enabled="false" level="WARNING" enabled_by_default="false" />
  <inspection_tool class="UnqualifiedFieldAccess" enabled="true" level="WARNING" enabled_by_default="true" />
  <inspection_tool class="UnqualifiedMethodAccess" enabled="true" level="WARNING" enabled_by_default="true" />
  <inspection_tool class="UnresolvedPropertyKey" enabled="false" level="ERROR" enabled_by_default="false" />
  <inspection_tool class="UnresolvedReference" enabled="false" level="ERROR" enabled_by_default="false" />
  <inspection_tool class="UnsafeReturnStatementVisitor" enabled="false" level="WARNING" enabled_by_default="false" />
  <inspection_tool class="UnsafeVfsRecursion" enabled="false" level="WARNING" enabled_by_default="false" />
  <inspection_tool class="UnusedDeclaration" enabled="false" level="WARNING" enabled_by_default="false">
    <option name="ADD_MAINS_TO_ENTRIES" value="true" />
    <option name="ADD_APPLET_TO_ENTRIES" value="true" />
    <option name="ADD_SERVLET_TO_ENTRIES" value="true" />
    <option name="ADD_NONJAVA_TO_ENTRIES" value="true" />
  </inspection_tool>
  <inspection_tool class="UnusedMessageFormatParameter" enabled="false" level="WARNING" enabled_by_default="false" />
  <inspection_tool class="UnusedParameters" enabled="false" level="WARNING" enabled_by_default="false" />
  <inspection_tool class="UnusedProperty" enabled="false" level="WARNING" enabled_by_default="false" />
  <inspection_tool class="UnusedReturnValue" enabled="false" level="WARNING" enabled_by_default="false" />
  <inspection_tool class="UseJBColor" enabled="false" level="WARNING" enabled_by_default="false" />
  <inspection_tool class="UseVirtualFileEquals" enabled="false" level="WARNING" enabled_by_default="false" />
  <inspection_tool class="UtilityClassWithPublicConstructor" enabled="true" level="WARNING" enabled_by_default="true" />
  <inspection_tool class="UtilityClassWithoutPrivateConstructor" enabled="true" level="WARNING" enabled_by_default="true">
    <option name="ignorableAnnotations">
      <value />
    </option>
    <option name="ignoreClassesWithOnlyMain" value="false" />
  </inspection_tool>
  <inspection_tool class="WeakerAccess" enabled="false" level="WARNING" enabled_by_default="false">
    <option name="SUGGEST_PACKAGE_LOCAL_FOR_MEMBERS" value="true" />
    <option name="SUGGEST_PACKAGE_LOCAL_FOR_TOP_CLASSES" value="true" />
    <option name="SUGGEST_PRIVATE_FOR_INNERS" value="false" />
  </inspection_tool>
  <inspection_tool class="XmlDuplicatedId" enabled="false" level="ERROR" enabled_by_default="false" />
  <inspection_tool class="XmlInvalidId" enabled="false" level="ERROR" enabled_by_default="false" />
  <inspection_tool class="XmlPathReference" enabled="false" level="ERROR" enabled_by_default="false" />
  <inspection_tool class="XmlUnboundNsPrefix" enabled="false" level="WARNING" enabled_by_default="false" />
  <inspection_tool class="XmlUnusedNamespaceDeclaration" enabled="false" level="WARNING" enabled_by_default="false" />
  <inspection_tool class="XmlWrongRootElement" enabled="false" level="ERROR" enabled_by_default="false" />
  <inspection_tool class="XsltDeclarations" enabled="false" level="ERROR" enabled_by_default="false" />
  <inspection_tool class="XsltTemplateInvocation" enabled="false" level="ERROR" enabled_by_default="false" />
  <inspection_tool class="XsltUnusedDeclaration" enabled="false" level="WARNING" enabled_by_default="false" />
  <inspection_tool class="XsltVariableShadowing" enabled="false" level="WARNING" enabled_by_default="false" />
  <inspection_tool class="ZeroLengthArrayInitialization" enabled="true" level="WARNING" enabled_by_default="true" />
  <inspection_tool class="dependsOnMethodTestNG" enabled="false" level="WARNING" enabled_by_default="false" />
  <inspection_tool class="groupsTestNG" enabled="false" level="WARNING" enabled_by_default="false">
    <option name="groups">
      <value>
        <list size="0" />
      </value>
    </option>
  </inspection_tool>
  <inspection_tool class="unused" enabled="true" level="WEAK WARNING" enabled_by_default="true">
    <option name="LOCAL_VARIABLE" value="true" />
    <option name="FIELD" value="true" />
    <option name="METHOD" value="true" />
    <option name="CLASS" value="true" />
    <option name="PARAMETER" value="true" />
    <option name="REPORT_PARAMETER_FOR_PUBLIC_METHODS" value="false" />
    <option name="ADD_MAINS_TO_ENTRIES" value="true" />
    <option name="ADD_APPLET_TO_ENTRIES" value="true" />
    <option name="ADD_SERVLET_TO_ENTRIES" value="true" />
    <option name="ADD_NONJAVA_TO_ENTRIES" value="true" />
  </inspection_tool>
</inspections>