<application>
  <component name="EditorSettings">
    <option name="ARE_LINE_NUMBERS_SHOWN" value="true" />
  </component>
  <component name="InspectionProfileManager">
    <info color="acebe0">
      <option name="ERROR_STRIPE_COLOR" value="acebe0" />
      <option name="myName" value="JAVADOC" />
      <option name="myVal" value="50" />
      <option name="myExternalName" value="JAVADOC" />
      <option name="myDefaultAttributes">
        <option name="ERROR_STRIPE_COLOR" value="acebe0" />
      </option>
    </info>
    <list size="7">
      <item index="0" class="java.lang.String" itemvalue="JAVADOC" />
      <item index="1" class="java.lang.String" itemvalue="TYPO" />
      <item index="2" class="java.lang.String" itemvalue="SERVER PROBLEM" />
      <item index="3" class="java.lang.String" itemvalue="INFO" />
      <item index="4" class="java.lang.String" itemvalue="WEAK WARNING" />
      <item index="5" class="java.lang.String" itemvalue="WARNING" />
      <item index="6" class="java.lang.String" itemvalue="ERROR" />
    </list>
  </component>
</application>